id,codigo,nombre,descripcion,pais,valorFob,peso,ancho,alto,profundidad,idPA,costoArgAereo,costoMaritimo
1,CN_0001,teclado, RaspberryPi3b+,CHINA,35.0000,0.0500,8.0000,5.0000,2.0000,1,44.081627,43.318829
6,CN_0002,teclado, BeagleBoneBlack,CHINA,46.0000,0.0650,9.0000,4.0000,2.0000,1,57.924736,56.927071
7,PS_0001,mouse, AA-350W,CHINA,12.0000,0.1500,25.0000,8.0000,3.0000,3,16.128750,14.044154
10,PS_0002,webcam, AA-200W,CHINA,8.0000,0.0950,20.0000,8.0000,3.0000,3,10.679475,9.376923
11,PS_0003,webcam, AA-50W,CHINA,5.0000,0.0650,15.0000,5.0000,3.0000,3,6.756824,5.847308
12,CA_0001,mouse, CABINET 100,CHINA,95.0000,12.0000,100.0000,100.0000,10.0000,2,346.068756,125.251442
13,CA_0002,parlante, CABINET 50,CHINA,40.0000,12.0000,50.0000,50.0000,8.0000,2,216.899994,48.911537
15,CA_0002,mouse, CABINET 40,CHINA,25.0000,12.0000,40.0000,40.0000,5.0000,2,199.856247,29.790867
